{
  "config": {
    "input_dim": 784,
    "hidden_dim": 256,
    "learning_rate": 0.001,
    "epochs": 2,
    "batch_size": 64,
    "activation_type": "topk",
    "sparsity_param": 0.1,
    "k": 5,
    "min_activation": 1e-05,
    "sparsity_threshold": 0.1,
    "is_comparison": true,
    "experiment_name": null,
    "checkpoint_dir": "checkpoints",
    "checkpoint_freq": 10,
    "resume": false,
    "use_wandb": false,
    "wandb_project": "sae-interpretability",
    "log_freq": 1,
    "early_stopping_patience": 10,
    "lr_schedule_factor": 0.5,
    "lr_patience": 5,
    "grad_clip": 1.0,
    "concept_similarity_threshold": 0.7,
    "high_freq_threshold": 0.1,
    "feature_cluster_n": 10,
    "model_name": "gpt2-small",
    "layer": 0,
    "n_samples": 100,
    "seq_len": 20,
    "dead_neuron_threshold": 0.001,
    "dead_resample": true,
    "dead_resample_window": 1000,
    "dead_resample_strength": 1.0,
    "normalize_activations": true
  },
  "completed_activations": [
    "relu",
    "jump_relu",
    "topk"
  ],
  "current_activation": "topk",
  "epoch": 2,
  "frequency_stats": {
    "high_freq_neurons": 0,
    "mean_frequencies": [
      0.0217013880610466,
      0.0364583358168602,
      0.0108506940305233,
      0.0108506940305233,
      0.0334201380610466,
      0.01171875,
      0.0217013880610466,
      0.0147569440305233,
      0.0217013880610466,
      0.01171875,
      0.0256076380610466,
      0.0,
      0.0,
      0.0403645820915699,
      0.0186631940305233,
      0.0,
      0.0147569440305233,
      0.0364583358168602,
      0.0225694440305233,
      0.0177951380610466,
      0.0234375,
      0.0325520820915699,
      0.015625,
      0.0108506940305233,
      0.0425347238779068,
      0.0325520820915699,
      0.0186631940305233,
      0.0069444444961845875,
      0.0,
      0.0286458320915699,
      0.02864583395421505,
      0.0147569440305233,
      0.0286458320915699,
      0.0,
      0.0425347238779068,
      0.0,
      0.015625,
      0.0225694440305233,
      0.0108506940305233,
      0.0464409738779068,
      0.0,
      0.0256076380610466,
      0.0217013880610466,
      0.0303819440305233,
      0.0108506940305233,
      0.01953125,
      0.0108506940305233,
      0.0177951380610466,
      0.0177951380610466,
      0.0186631940305233,
      0.0,
      0.015625,
      0.0,
      0.01171875,
      0.0355902798473835,
      0.0,
      0.0177951380610466,
      0.0225694440305233,
      0.01171875,
      0.01171875,
      0.0069444444961845875,
      0.0256076380610466,
      0.0186631940305233,
      0.02083333395421505,
      0.0186631940305233,
      0.0325520858168602,
      0.0078125,
      0.0355902761220932,
      0.0108506940305233,
      0.0069444444961845875,
      0.0303819440305233,
      0.0434027761220932,
      0.0147569440305233,
      0.0217013880610466,
      0.0381944440305233,
      0.0108506940305233,
      0.0147569440305233,
      0.0364583320915699,
      0.0217013880610466,
      0.0286458320915699,
      0.0069444444961845875,
      0.0295138880610466,
      0.0,
      0.0256076380610466,
      0.0247395820915699,
      0.0,
      0.0256076380610466,
      0.0434027761220932,
      0.0394965298473835,
      0.0078125,
      0.0108506940305233,
      0.0,
      0.0473090298473835,
      0.0186631940305233,
      0.0316840261220932,
      0.0,
      0.0334201380610466,
      0.0108506940305233,
      0.015625,
      0.013888888992369175,
      0.0069444444961845875,
      0.0264756940305233,
      0.01953125,
      0.0334201380610466,
      0.0295138880610466,
      0.0147569440305233,
      0.0451388880610466,
      0.0186631940305233,
      0.0186631940305233,
      0.0334201380610466,
      0.0108506940305233,
      0.0303819440305233,
      0.0325520858168602,
      0.0325520820915699,
      0.015625,
      0.0147569440305233,
      0.0,
      0.0295138880610466,
      0.0,
      0.0256076380610466,
      0.0,
      0.0286458320915699,
      0.0364583320915699,
      0.0364583320915699,
      0.0256076380610466,
      0.0225694440305233,
      0.0147569440305233,
      0.0295138880610466,
      0.0078125,
      0.0225694440305233,
      0.0,
      0.0186631940305233,
      0.0147569440305233,
      0.0,
      0.0,
      0.0256076380610466,
      0.01171875,
      0.0186631940305233,
      0.0217013880610466,
      0.0217013880610466,
      0.0355902761220932,
      0.0481770820915699,
      0.0147569440305233,
      0.0256076380610466,
      0.0186631940305233,
      0.00390625,
      0.01171875,
      0.0325520820915699,
      0.015625,
      0.0217013880610466,
      0.0108506940305233,
      0.015625,
      0.0295138880610466,
      0.0286458320915699,
      0.0256076380610466,
      0.0147569440305233,
      0.00390625,
      0.0659722238779068,
      0.0217013880610466,
      0.0334201380610466,
      0.01171875,
      0.0225694440305233,
      0.0425347238779068,
      0.0295138880610466,
      0.0394965261220932,
      0.0,
      0.0147569440305233,
      0.0355902761220932,
      0.00390625,
      0.0078125,
      0.0108506940305233,
      0.0186631940305233,
      0.0186631940305233,
      0.0108506940305233,
      0.0,
      0.0,
      0.015625,
      0.0295138880610466,
      0.0442708358168602,
      0.00390625,
      0.01171875,
      0.0264756940305233,
      0.0264756940305233,
      0.0394965261220932,
      0.0078125,
      0.0,
      0.00390625,
      0.0225694440305233,
      0.00390625,
      0.0325520820915699,
      0.0295138880610466,
      0.0217013880610466,
      0.0108506940305233,
      0.0,
      0.0186631940305233,
      0.0147569440305233,
      0.0108506940305233,
      0.0303819440305233,
      0.0217013880610466,
      0.0394965261220932,
      0.0217013880610466,
      0.0286458320915699,
      0.0147569440305233,
      0.0,
      0.0394965261220932,
      0.0,
      0.01171875,
      0.0186631940305233,
      0.02083333395421505,
      0.0186631940305233,
      0.01171875,
      0.0295138880610466,
      0.0403645820915699,
      0.00390625,
      0.0303819440305233,
      0.0,
      0.0264756940305233,
      0.00390625,
      0.0225694440305233,
      0.0325520820915699,
      0.0264756940305233,
      0.0,
      0.0,
      0.0078125,
      0.0,
      0.0069444444961845875,
      0.0069444444961845875,
      0.0,
      0.0177951380610466,
      0.0,
      0.0342881940305233,
      0.013888888992369175,
      0.0186631940305233,
      0.0264756940305233,
      0.015625,
      0.0394965261220932,
      0.0147569440305233,
      0.01171875,
      0.0295138880610466,
      0.0078125,
      0.0186631940305233,
      0.0264756940305233,
      0.0442708320915699,
      0.0295138880610466,
      0.00390625,
      0.0334201380610466,
      0.0256076380610466,
      0.0147569440305233,
      0.0256076380610466,
      0.0503472238779068,
      0.0325520820915699,
      0.00390625,
      0.0473090261220932,
      0.01171875,
      0.0286458320915699,
      0.0186631940305233
    ],
    "freq_distribution": {
      "percentiles": [
        0.0108506940305233,
        0.0186631940305233,
        0.0295138880610466
      ]
    },
    "temporal_stats": {
      "stability": 0.9921911358833313,
      "trends": [
        1.862645149230957e-09,
        -1.862645149230957e-09,
        1.862645149230957e-09
      ]
    }
  },
  "losses": [
    1.0071504712104797,
    1.0067350268363953
  ]
}