{"config": {"input_dim": 784, "hidden_dim": 256, "learning_rate": 0.001, "epochs": 100, "batch_size": 64, "activation_type": "topk", "sparsity_param": 0.1, "k": 5, "use_wandb": true, "model_name": "gpt2-small", "layer": 0, "n_samples": 1000}, "completed_activations": ["relu", "jump_relu", "topk"], "current_activation": "topk", "epoch": 100, "frequency_stats": {"high_freq_neurons": 5, "mean_frequencies": [1.9531249563442543e-05, 2.9296874345163815e-05, 2.9296874345163815e-05, 9.765624781721272e-06, 3.9062499126885086e-05, 7.812499825377017e-05, 1.9531249563442543e-05, 0.0004199218819849193, 0.0001367187505820766, 9.765624781721272e-06, 5.859374869032763e-05, 9.765624781721272e-06, 0.9951269626617432, 4.882812572759576e-05, 5.859374869032763e-05, 6.83593752910383e-05, 6.83593752910383e-05, 8.789062849245965e-05, 0.0001464843808207661, 2.9296874345163815e-05, 2.9296874345163815e-05, 3.9062499126885086e-05, 2.9296874345163815e-05, 0.9979394674301147, 9.765624781721272e-06, 3.9062499126885086e-05, 5.859374869032763e-05, 8.789062849245965e-05, 0.0, 2.9296874345163815e-05, 0.0009531250107102096, 9.765625145519152e-05, 2.9296874345163815e-05, 2.9296874345163815e-05, 9.765624781721272e-06, 8.398437785217538e-05, 0.00012695312034338713, 0.00019531250291038305, 1.9531249563442543e-05, 5.859374869032763e-05, 1.9531249563442543e-05, 4.882812572759576e-05, 0.0, 2.9296874345163815e-05, 2.9296874345163815e-05, 0.0021386719308793545, 6.83593752910383e-05, 8.789062849245965e-05, 7.812499825377017e-05, 4.882812572759576e-05, 2.9296874345163815e-05, 2.9296874345163815e-05, 5.859374869032763e-05, 0.0001757812569849193, 3.9062499126885086e-05, 0.0002050781185971573, 6.83593752910383e-05, 9.765624781721272e-06, 7.812499825377017e-05, 0.00012695312034338713, 4.882812572759576e-05, 0.00011718749738065526, 7.812499825377017e-05, 9.765624781721272e-06, 1.9531249563442543e-05, 5.859374869032763e-05, 9.765624781721272e-06, 4.882812572759576e-05, 2.9296874345163815e-05, 1.9531249563442543e-05, 2.9296874345163815e-05, 5.859374869032763e-05, 5.859374869032763e-05, 7.812499825377017e-05, 0.00016601562674622983, 5.859374869032763e-05, 1.9531249563442543e-05, 1.9531249563442543e-05, 4.882812572759576e-05, 6.83593752910383e-05, 9.765624781721272e-06, 0.00012695312034338713, 7.812499825377017e-05, 6.83593752910383e-05, 1.9531249563442543e-05, 0.0, 0.0, 0.0002734375011641532, 3.9062499126885086e-05, 4.882812572759576e-05, 1.9531249563442543e-05, 1.9531249563442543e-05, 0.0013281250139698386, 9.765624781721272e-06, 6.83593752910383e-05, 8.789062849245965e-05, 3.9062499126885086e-05, 1.9531249563442543e-05, 4.882812572759576e-05, 0.0005878906231373549, 0.995166003704071, 0.0, 9.765624781721272e-06, 0.00010742187441792339, 0.9970409870147705, 1.9531249563442543e-05, 5.859374869032763e-05, 1.9531249563442543e-05, 0.00012695312034338713, 9.765624781721272e-06, 9.765624781721272e-06, 9.765624781721272e-06, 5.859374869032763e-05, 0.00010742187441792339, 0.00012695312034338713, 4.882812572759576e-05, 2.9296874345163815e-05, 9.765625145519152e-05, 7.812499825377017e-05, 5.859374869032763e-05, 1.9531249563442543e-05, 9.765624781721272e-06, 2.9296874345163815e-05, 0.0001464843808207661, 1.9531249563442543e-05, 1.9531249563442543e-05, 1.9531249563442543e-05, 1.9531249563442543e-05, 0.00011718749738065526, 2.9296874345163815e-05, 4.882812572759576e-05, 0.00019531250291038305, 7.812499825377017e-05, 7.42187476134859e-05, 3.9062499126885086e-05, 1.9531249563442543e-05, 1.9531249563442543e-05, 9.765624781721272e-06, 2.9296874345163815e-05, 5.859374869032763e-05, 8.789062849245965e-05, 7.812499825377017e-05, 1.9531249563442543e-05, 8.789062849245965e-05, 3.9062499126885086e-05, 1.9531249563442543e-05, 2.9296874345163815e-05, 4.882812572759576e-05, 1.9531249563442543e-05, 7.812499825377017e-05, 3.9062499126885086e-05, 5.859374869032763e-05, 9.765625145519152e-05, 4.882812572759576e-05, 0.00010742187441792339, 4.882812572759576e-05, 9.765624781721272e-06, 2.9296874345163815e-05, 4.882812572759576e-05, 2.9296874345163815e-05, 1.9531249563442543e-05, 4.882812572759576e-05, 3.9062499126885086e-05, 4.882812572759576e-05, 6.83593752910383e-05, 3.9062499126885086e-05, 0.00010742187441792339, 0.0001757812569849193, 6.83593752910383e-05, 2.9296874345163815e-05, 5.859374869032763e-05, 2.9296874345163815e-05, 2.9296874345163815e-05, 0.00011718749738065526, 0.0001464843808207661, 0.0, 7.812499825377017e-05, 3.9062499126885086e-05, 1.9531249563442543e-05, 3.9062499126885086e-05, 9.765624781721272e-06, 9.765624781721272e-06, 0.00010742187441792339, 9.765624781721272e-06, 6.83593752910383e-05, 4.882812572759576e-05, 0.00012695312034338713, 0.00028320311685092747, 9.765624781721272e-06, 0.003138671861961484, 2.9296874345163815e-05, 3.9062499126885086e-05, 1.9531249563442543e-05, 5.859374869032763e-05, 1.9531249563442543e-05, 1.9531249563442543e-05, 2.9296874345163815e-05, 1.9531249563442543e-05, 9.765624781721272e-06, 4.882812572759576e-05, 6.83593752910383e-05, 0.00021484374883584678, 0.00011718749738065526, 2.9296874345163815e-05, 8.789062849245965e-05, 0.9908750057220459, 0.0001367187505820766, 9.765624781721272e-06, 3.9062499126885086e-05, 5.859374869032763e-05, 1.9531249563442543e-05, 5.859374869032763e-05, 2.9296874345163815e-05, 1.9531249563442543e-05, 0.00015624999650754035, 9.765624781721272e-06, 4.882812572759576e-05, 2.9296874345163815e-05, 0.00019531250291038305, 4.882812572759576e-05, 3.9062499126885086e-05, 6.83593752910383e-05, 7.812499825377017e-05, 9.765624781721272e-06, 3.9062499126885086e-05, 9.765624781721272e-06, 9.765625145519152e-05, 3.9062499126885086e-05, 3.9062499126885086e-05, 5.859374869032763e-05, 0.00010742187441792339, 2.9296874345163815e-05, 3.9062499126885086e-05, 9.765624781721272e-06, 4.882812572759576e-05, 2.9296874345163815e-05, 1.9531249563442543e-05, 0.00022460937907453626, 4.882812572759576e-05, 1.9531249563442543e-05, 6.83593752910383e-05, 1.9531249563442543e-05, 4.882812572759576e-05, 2.9296874345163815e-05, 0.00023437499476131052, 8.789062849245965e-05, 0.0001367187505820766, 2.9296874345163815e-05, 5.859374869032763e-05, 0.00011718749738065526, 1.9531249563442543e-05, 0.00021484374883584678, 2.9296874345163815e-05, 1.9531249563442543e-05, 0.0001464843808207661, 2.9296874345163815e-05], "freq_distribution": {"percentiles": [1.9531249563442543e-05, 4.882812572759576e-05, 7.812499825377017e-05]}, "temporal_stats": {"stability": -0.0008847127319313586,