{"config": {"input_dim": 784, "hidden_dim": 256, "learning_rate": 0.001, "epochs": 100, "batch_size": 64, "activation_type": "topk", "sparsity_param": 0.1, "k": 5, "use_wandb": true, "model_name": "gpt2-small", "layer": 0, "n_samples": 1000}, "completed_activations": ["relu", "jump_relu", "topk"], "current_activation": "topk", "epoch": 100, "frequency_stats": {"high_freq_neurons": 5, "mean_frequencies": [3.9062499126885086e-05, 0.0, 9.765625145519152e-05, 8.789062849245965e-05, 4.882812572759576e-05, 0.0003222656378056854, 9.765624781721272e-06, 3.9062499126885086e-05, 4.882812572759576e-05, 2.9296874345163815e-05, 1.9531249563442543e-05, 3.9062499126885086e-05, 0.00011718749738065526, 9.765624781721272e-06, 7.812499825377017e-05, 0.0, 2.9296874345163815e-05, 1.9531249563442543e-05, 3.9062499126885086e-05, 7.812499825377017e-05, 9.765625145519152e-05, 3.9062499126885086e-05, 6.83593752910383e-05, 4.882812572759576e-05, 5.859374869032763e-05, 2.9296874345163815e-05, 6.83593752910383e-05, 3.9062499126885086e-05, 9.765624781721272e-06, 9.765624781721272e-06, 1.9531249563442543e-05, 1.9531249563442543e-05, 8.789062849245965e-05, 2.9296874345163815e-05, 9.765624781721272e-06, 1.9531249563442543e-05, 9.765624781721272e-06, 0.9975976347923279, 3.9062499126885086e-05, 0.0001757812569849193, 6.83593752910383e-05, 1.9531249563442543e-05, 0.0005371093866415322, 7.812499825377017e-05, 8.789062849245965e-05, 0.0, 2.9296874345163815e-05, 9.765624781721272e-06, 1.9531249563442543e-05, 1.9531249563442543e-05, 8.789062849245965e-05, 2.9296874345163815e-05, 0.0001464843808207661, 5.859374869032763e-05, 2.9296874345163815e-05, 1.9531249563442543e-05, 0.001914062537252903, 3.9062499126885086e-05, 9.765624781721272e-06, 1.9531249563442543e-05, 3.9062499126885086e-05, 6.83593752910383e-05, 0.0006640625069849193, 2.9296874345163815e-05, 7.812499825377017e-05, 4.882812572759576e-05, 4.882812572759576e-05, 6.83593752910383e-05, 3.9062499126885086e-05, 3.9062499126885086e-05, 0.0, 2.9296874345163815e-05, 7.812499825377017e-05, 2.9296874345163815e-05, 3.9062499126885086e-05, 1.9531249563442543e-05, 3.9062499126885086e-05, 4.882812572759576e-05, 9.765624781721272e-06, 1.9531249563442543e-05, 2.9296874345163815e-05, 7.812499825377017e-05, 2.9296874345163815e-05, 9.765624781721272e-06, 9.765624781721272e-06, 4.882812572759576e-05, 7.812499825377017e-05, 1.9531249563442543e-05, 5.859374869032763e-05, 0.0004199218819849193, 2.9296874345163815e-05, 3.9062499126885086e-05, 3.9062499126885086e-05, 6.83593752910383e-05, 3.9062499126885086e-05, 3.9062499126885086e-05, 1.9531249563442543e-05, 9.765625145519152e-05, 4.882812572759576e-05, 0.0001464843808207661, 9.765624781721272e-06, 2.9296874345163815e-05, 3.9062499126885086e-05, 0.0, 1.9531249563442543e-05, 8.789062849245965e-05, 5.859374869032763e-05, 0.00011718749738065526, 1.9531249563442543e-05, 2.9296874345163815e-05, 9.765625145519152e-05, 6.83593752910383e-05, 4.882812572759576e-05, 8.789062849245965e-05, 0.00022460937907453626, 2.9296874345163815e-05, 5.859374869032763e-05, 9.765624781721272e-06, 2.9296874345163815e-05, 2.9296874345163815e-05, 6.83593752910383e-05, 9.765624781721272e-06, 0.9952831864356995, 5.859374869032763e-05, 0.0001367187505820766, 0.0003613281296566129, 9.765624781721272e-06, 1.9531249563442543e-05, 0.00012695312034338713, 4.882812572759576e-05, 3.9062499126885086e-05, 6.83593752910383e-05, 3.9062499126885086e-05, 5.859374869032763e-05, 2.9296874345163815e-05, 3.9062499126885086e-05, 2.9296874345163815e-05, 1.9531249563442543e-05, 0.0001367187505820766, 0.00012695312034338713, 5.859374869032763e-05, 2.9296874345163815e-05, 1.9531249563442543e-05, 3.9062499126885086e-05, 2.9296874345163815e-05, 0.0008300781482830644, 5.859374869032763e-05, 2.9296874345163815e-05, 1.9531249563442543e-05, 1.9531249563442543e-05, 0.0, 2.9296874345163815e-05, 9.765624781721272e-06, 2.9296874345163815e-05, 1.9531249563442543e-05, 3.9062499126885086e-05, 8.789062849245965e-05, 5.859374869032763e-05, 7.812499825377017e-05, 5.859374869032763e-05, 5.859374869032763e-05, 3.9062499126885086e-05, 9.765624781721272e-06, 5.859374869032763e-05, 1.9531249563442543e-05, 2.9296874345163815e-05, 2.9296874345163815e-05, 9.765624781721272e-06, 2.9296874345163815e-05, 9.765624781721272e-06, 8.789062849245965e-05, 2.9296874345163815e-05, 0.00011718749738065526, 1.9531249563442543e-05, 4.882812572759576e-05, 1.9531249563442543e-05, 6.83593752910383e-05, 1.9531249563442543e-05, 8.789062849245965e-05, 7.812499825377017e-05, 1.9531249563442543e-05, 1.9531249563442543e-05, 5.859374869032763e-05, 0.0002050781185971573, 9.765624781721272e-06, 7.812499825377017e-05, 4.882812572759576e-05, 5.859374869032763e-05, 2.9296874345163815e-05, 2.9296874345163815e-05, 2.9296874345163815e-05, 9.765624781721272e-06, 4.882812572759576e-05, 9.765624781721272e-06, 9.765625145519152e-05, 9.765625145519152e-05, 9.765624781721272e-06, 3.9062499126885086e-05, 0.0003613281296566129, 4.882812572759576e-05, 0.00019531250291038305, 2.9296874345163815e-05, 7.812499825377017e-05, 1.9531249563442543e-05, 2.9296874345163815e-05, 1.9531249563442543e-05, 0.0001464843808207661, 2.9296874345163815e-05, 2.9296874345163815e-05, 2.9296874345163815e-05, 0.00011718749738065526, 0.9974902272224426, 9.765624781721272e-06, 3.9062499126885086e-05, 2.9296874345163815e-05, 5.859374869032763e-05, 8.789062849245965e-05, 7.812499825377017e-05, 9.765624781721272e-06, 0.00011718749738065526, 5.859374869032763e-05, 2.9296874345163815e-05, 7.812499825377017e-05, 2.9296874345163815e-05, 9.765624781721272e-06, 1.9531249563442543e-05, 4.882812572759576e-05, 4.882812572759576e-05, 0.0, 2.9296874345163815e-05, 9.765624781721272e-06, 8.789062849245965e-05, 7.812499825377017e-05, 0.9963672161102295, 9.765624781721272e-06, 2.9296874345163815e-05, 0.9962109327316284, 3.9062499126885086e-05, 8.789062849245965e-05, 6.83593752910383e-05, 9.765625145519152e-05, 9.765624781721272e-06, 9.765624781721272e-06, 4.882812572759576e-05, 3.9062499126885086e-05, 0.00011718749738065526, 1.9531249563442543e-05, 0.00012695312034338713, 7.812499825377017e-05, 0.0, 3.9062499126885086e-05, 4.882812572759576e-05, 4.882812572759576e-05, 2.9296874345163815e-05, 0.0, 7.812499825377017e-05], "freq_distribution": {"percentiles": [1.9531249563442543e-05, 3.9062499126885086e-05, 7.812499825377017e-05]}},